title,link
CIP.Scanner,https://www.fortiguard.com/encyclopedia/ips/52663
PostgreSQL.Login.Brute.Force,https://www.fortiguard.com/encyclopedia/ips/48914
Netsparker.Web.Scanner,https://www.fortiguard.com/encyclopedia/ips/47558
Nikto.Web.Scanner,https://www.fortiguard.com/encyclopedia/ips/44780
Foxit.PDF.Reader.JBIG2.Symbol.Dictionary.Information.Disclosure,https://www.fortiguard.com/encyclopedia/ips/43734
Audacity.FORMATCHUNK.Memory.Corruption,https://www.fortiguard.com/encyclopedia/ips/42011
Samba.nmbd.sys.recvfrom.Infinite.Loop.DoS,https://www.fortiguard.com/encyclopedia/ips/38939
Apache.Encoded.Backslash.Directory.Traversal,https://www.fortiguard.com/encyclopedia/ips/32366
FTP.Bounce.Port.Scan,https://www.fortiguard.com/encyclopedia/ips/29510
Modernbill.Config.Remote.File.Inclusion,https://www.fortiguard.com/encyclopedia/ips/29885
